{
    "train": {
        "box_loss": 0.90124,
        "cls_loss": 1.41994,
        "dfl_loss": 1.61415
    },
    "metrics": {
        "precision(B)": 0.94149,
        "recall(B)": 0.89474,
        "mAP50(B)": 0.97685,
        "mAP50-95(B)": 0.90855
    },
    "val": {
        "box_loss": 0.76574,
        "cls_loss": 1.33229,
        "dfl_loss": 1.61347
    },
    "lr": {
        "pg0": 3.980000000000002e-05,
        "pg1": 3.980000000000002e-05,
        "pg2": 3.980000000000002e-05
    },
    "model": {
        "parameters": 2707430,
        "GFLOPs": 8.393,
        "speed_PyTorch(ms)": 84.63
    },
    "step": 99
}
